postal_code,country,city
12209,Germany,Tokyo
5021,Mexico,Delhi
5023,Mexico,Shanghai
WA1 1DP,UK,Dhaka
S-958 22,Sweden,Sao Paulo
68306,Germany,Mexico City
67000,France,Cairo
28023,Spain,Beijing
13008,France,Mumbai
T2F 8M4,Canada,Osaka
EC2 5NT,UK,Chongqing
1010,Argentina,Karachi
5022,Mexico,Istanbul
3012,Switzerland,Kinshasa
05432-043,Brazil,Lagos
WX1 6LT,UK,Buenos Aires
52066,Germany,Kolkata
44000,France,Manila
WX3 6FW,UK,Tianjin
8010,Austria,Guangzhou
05442-030,Brazil,Rio De Janeiro
28034,Spain,Lahore
59000,France,Bangalore
S-844 67,Sweden,Shenzhen
80805,Germany,Moscow
10100,Italy,Chennai
1675,Portugal,Bogota
8022,Spain,Paris
41101,Spain,Jakarta
04876-786,Brazil,Lima
97403,USA,Bangkok
1081,Venezuela,Hyderabad
05454-876,Brazil,Seoul
5022,Venezuela,Nagoya
97827,USA,London
T12 R5CP,Ireland,Chengdu
PO31 7PJ,UK,Nanjing
14776,Germany,Tehran
78000,France,Ho Chi Minh City
31000,France,Luanda
V3F 2K1,Canada,Wuhan
99362,USA,Xi An Shaanxi
60528,Germany,Ahmedabad
94117,USA,Kuala Lumpur
3508,Venezuela,New York City
4980,Venezuela,Hangzhou
97219,USA,Surat
24100,Italy,Suzhou
B-1180,Belgium,Hong Kong
H1J 1C3,Canada,Riyadh
4179,Germany,Shenyang
SW7 1RZ,UK,Baghdad
99508,USA,Dongguan
50739,Germany,Foshan
75012,France,Dar Es Salaam
5033,Mexico,Pune
5020,Austria,Santiago
1756,Portugal,Madrid
02389-673,Brazil,Haerbin
05487-020,Brazil,Toronto
1307,Germany,Belo Horizonte
87110,USA,Khartoum
42100,Italy,Johannesburg
02389-890,Brazil,Singapore
1203,Switzerland,Dalian
28001,Spain,Qingdao
4110,Norway,Zhengzhou
83720,USA,Ji Nan Shandong
OX15 4NB,UK,Barcelona
1734,Denmark,Saint Petersburg
75016,France,Abidjan
82520,USA,Yangon
B-6000,Belgium,Fukuoka
97201,USA,Alexandria
59801,USA,Guadalajara
44087,Germany,Ankara
05634-030,Brazil,Chittagong
98034,USA,Addis Ababa
8200,Denmark,Melbourne
69004,France,Nairobi
51100,France,Hanoi
70563,Germany,Sydney
90110,Finland,Monterrey
08737-363,Brazil,Changsha
98128,USA,Brasilia
21240,Finland,Cape Town
01-012,Poland,Jiddah
2KXF45N,Turkey,Urumqi
ZK7CAAIO,"Korea, North",Kunming
9T2S0,Iran,Changchun
LNF5ME4,Russia,Hefei
MC5I3Y,Netherlands,Shantou
4PI25,Nepal,Xinbei
ER23Y,"Korea, North",Kabul
42818HPD,Peru,Ningbo
GEG3M2,Sweden,Tel Aviv
MBBS5,Uzbekistan,Yaounde
A01P3,Ethiopia,Rome
Y3TPF9TL,Hungary,Shijiazhuang
7F2658U,Japan,Montreal
4H1W7,Spain,Recife
GO93C835,Qatar,Kano
5C4V0T,Uganda,Porto Alegre
O07TA,"Korea, North",Fortaleza
1CNV3,Ghana,Jaipur
RHU1LK1,Sweden,Nanning
4ATUSG,Malaysia,Medellin
5CE36D5,Estonia,Taiyuan Shanxi
44S9FH9,Brazil,Ekurhuleni
28UYU0,Estonia,Los Angeles
0Y7I55F2,South Africa,Douala
UC03G,Hungary,Kozhikode
D306OI9R,New Zealand,Salvador
4VL5Q24,Ghana,Changzhou
O28Z0,Iceland,Xiamen
NHP38,Romania,Lucknow
NVK969G,Nepal,Fuzhou Fujian
4E4S4,Ethiopia,Casablanca
L5KB1,Sweden,Wenzhou
N8G09,United Arab Emirates,Nanchang
IG789H9,Argentina,Malappuram
UVO11,Cambodia,Curitiba
93AXI0I,Lebanon,Ibadan
KRCD6950,Lebanon,Antananarivo
J3297E,Romania,Tangshan Hebei
8447ZJD,Uzbekistan,Abuja
5TK0V3Q0,Poland,Kampala
OJ816,Peru,Kumasi
0EASW,Denmark,Faisalabad
71QMH8,Russia,Bekasi
467J6,Sri Lanka,Berlin
1T98688,Brazil,Guiyang
O9SQ549W,Iceland,Busan
0142J,Lebanon,Santo Domingo
9AZ910,Spain,Asuncion
781RK680,Peru,Campinas
60S6W,Belgium,Wuxi
H1704,Ethiopia,Thrissur
P692T,Turkey,Dakar
G1AWORS0,Peru,Port Harcourt
M0Z90,South Africa,Mashhad
JJM76,Madagascar,Kochi
TYGDX10,Egypt,Puebla
E3BB08F1,Singapore,Kuwait City
RA111S1B,Cambodia,Lanzhou
5UVUR,Mongolia,Indore
9HV7S5,Uganda,Durban
8F7MO3F9,Malaysia,Kanpur
TZ3S2,Croatia,Sanaa
NHDUKG1,United States,Athens
4EE0AC,Iraq,Milan
10JNN,Dominican Republic,Pyongyang
P00D7,Lebanon,Guayaquil
6R595L,Greece,Izmir
EGFP1,Mexico,Ouagadougou
W3F80T12,Indonesia,Lusaka
Y0X7IO,Maldives,Guatemala City
UL481,Chile,Kiev
21M5CS,Iceland,Surabaya
9EQ9W,Iceland,Nagpur
7BQEL,Morocco,Lisbon
37037,Peru,Zhongshan
4G076,Lebanon,Dubai
O5W2158E,Estonia,Caracas
C1473,Malaysia,Depok
34OW4,The Bahamas,Shizuoka
7O0H96,South Africa,Coimbatore
GP167,Croatia,Handan
TKLNI248,Portugal,Port Au Prince
S4587,Belgium,Huaian
68O0JPJ,Denmark,Algiers
J84SVAN3,Estonia,Cali
30JV62KB,Chile,Weifang
X9Z9X4IP,Central African Republic,Incheon
MYAG4,Brazil,Bamako
KQR71O,Morocco,Goiania
9M7YZ184,Mongolia,Thiruvananthapuram
J3JK9C0S,Vatican City,Manchester
B5I1X6O,Dominican Republic,Mbuji Mayi
RJ981H,Dominican Republic,Taibei
N9JBL,Ghana,Pretoria
7G8Y16,Sri Lanka,Zibo
824358A,Netherlands,Shaoxing
9W95B,"Korea, South",Lubumbashi
TFGVT,Spain,Yantai
13HH9NI,"Korea, South",Huizhou
5ULZ84,"Korea, North",Chicago
9MBPTH,Denmark,Sapporo
7228950V,Finland,Birmingham
9391CE2,Switzerland,Bandung
716J281,Paraguay,Vancouver
1TX7DM8E,Canada,Accra
149Q12,Greece,Toluca De Lerdo
E3G25,Iceland,Tashkent
DD6YX9,Switzerland,Brazzaville
Y5NQ9,Madagascar,Luoyang
39T1U7E,Bangladesh,Patna
G2627U,Central African Republic,Bhopal
708S5,Sri Lanka,Damascus
C1PC141U,United Arab Emirates,Mogadishu
XI1GNO1,"Korea, South",Brisbane
V6QU66F,Spain,Tangerang
R60BH0,Cambodia,San Juan
EI1GR,Egypt,Tunis
9Y3XH,Costa Rica,Beirut
XBQHS67,United States,Nantong
NW018K2,Saudi Arabia,Medan
5N9G1WO,China,Baku
6.20E+45,Morocco,Belem
YCB5679,Lithuania,Gujranwala
T6U8F6E7,Bulgaria,Peshawar
9T7H7,Norway,Manaus
6337U,Cambodia,Sendai
7D0O78,Ukraine,Maracaibo
397T7F1,Poland,Rawalpindi
3Z7K2GUZ,Thailand,Houston
FFP94,Chile,Barranquilla
1159304,Pakistan,Agra
2Z61J5,India,Hohhot
7SB541HR,United States,Taoyuan
R89YY18,Spain,Baotou
UB6S707,Portugal,Kannur
V6ZZH,Mongolia,Liuzhou
YZ9G25,Lithuania,Visakhapatnam
LM5564,Russia,Vadodara
6S62Y3,Spain,Xuzhou
V855D,Bulgaria,Tijuana
AK9M49K6,Uzbekistan,Esfahan
2JT3YEMB,Belarus,Phnom Penh
02SN6Z3,Philippines,Amman
PTFV3525,Australia,Daegu
0GIO7N6D,Vietnam,Naples
E3AG0,Paraguay,Nashik
D32094YG,Greece,Vijayawada
3633W3H4,Vatican City,Havana
1R508,Greece,Grande Vitoria
VY17C3U,Brazil,Mecca
7642M295,Switzerland,Brussels
65P183N,Egypt,Multan
QE8D45LJ,Spain,Aleppo
SC1LJO,Central African Republic,Putian
Q307RG7,Norway,Perth
7F57E,Estonia,Yangzhou
2JAT99T,Hungary,Hiroshima
OC30PT,Singapore,Baoding
40V5JG,Central African Republic,Bursa
0OL8X8ND,Belgium,Taizhou Zhejiang
7C6VZ14K,Central African Republic,Minsk
S87T0,Poland,Conakry
0ZQ588,Finland,Wuhu Anhui
Q00J3,Thailand,Linyi Shandong
68FT2,Maldives,Kollam
2ZY21Y,Netherlands,Rajkot
AY5OHOI,Denmark,Haikou
5HT2O,Uzbekistan,Vienna
5KUZ0,Bulgaria,Valencia
95W495,Iran,Almaty
4WKR69X9,India,Daqing
3Z19Q3K,Netherlands,Yancheng Jiangsu
LUFQRC,The Bahamas,Panama City
39PW69,Egypt,Semarang
5Z5Z6M,Mongolia,Lianyungang
S72UG,Russia,Rabat
29919,Czech Republic,Baixada Santista
DQB972,Greece,Quito
6R02620,Brazil,Hyderabad
J5R59F8,"Korea, South",Lome
G9Q1P,Russia,Ludhiana
PWKTZPY,"Korea, North",West Yorkshire
O9HZNA,Israel,Davao City
LA8BX94,Netherlands,La Paz
OX0N32,Central African Republic,Leon De Los Aldamas
5M0894L,Ukraine,Zhuhai
54199YEQ,Qatar,Benin City
Q68JR06,Ukraine,Datong
N91KLU2,Iceland,Quanzhou
W925ZB,Bulgaria,Adana
Y22MR9E,The Bahamas,Madurai
NNP20,Australia,Turin
331LJ,France,Matola
197PKQR,Chile,Warsaw
14MB5,Sri Lanka,Hamburg
8YNX9X89,Thailand,Can Tho
63KY4A,Malaysia,Sharjah
2KV2A7,Greece,Bucharest
C3P3922,Vietnam,Palembang
YSO23KQ,Poland,Santa Cruz
2QXMG16L,Hungary,Budapest
H40UXB,New Zealand,Gaziantep
42DD3Q9,Qatar,Montevideo
7RON4,Mexico,Meerut
87UDJTV,Iran,Raipur
VQO8T00,Mongolia,Phoenix
O7W16K7G,Japan,Lyon
TK8HA,Ghana,Jiangmen
28GQXR,Thailand,Mosul
48OU9WD,Argentina,Cixi
0855Q,Australia,La Laguna
DNDX395,Belgium,Varanasi
4R3804H6,Poland,Xiangyang
9OVAB,Canada,Shiraz
96868,Ghana,Glasgow
LPUD53W,Saudi Arabia,Novosibirsk
J05V6,Argentina,Batam
31P362,Switzerland,Stockholm
6S3E02RV,Iran,Yinchuan
1EH7U,Armenia,Anshan
4A07WS,Saudi Arabia,Jamshedpur
88M6R,Brazil,Yichang
6R8YLD,Italy,Srinagar
XBAU493S,Indonesia,Auckland
7513DT3,Armenia,Jilin
VUST5M,Saudi Arabia,Ulaanbaatar
1ZS40TH,France,Tabriz
328AE,Egypt,Makassar
1E93W,Croatia,Aurangabad
A4I1K4S6,Madagascar,Qinhuangdao
79T36N,Paraguay,Xining
8PTK2,India,Muscat
7DEL5,Nepal,Monrovia
4YIP160,Turkey,Marseille
S415Y8C0,Chile,Tiruppur
X72FX,Cambodia,Hengyang
I8UW08TI,Russia,Calgary
23GSM304,Sweden,Qiqihaer
CG5XJKU0,Uganda,San Antonio
UG525,Lithuania,Cordoba
P4994,Philippines,Suqian
M1ZA2RU3,Thailand,Kananga
0Y88D,Switzerland,Karaj
2Q1T77O,Denmark,Anyang
KEBH1Q91,Italy,Philadelphia
JD6NU,Cambodia,Rosario
LISQ6330,Cambodia,Daejon
0YS66R,Vatican City,Munich
EHQC240U,Armenia,Ciudad Juarez
OWR1W,Greece,Harare
J5XI06I1,Morocco,Onitsha
1SY56KE,Chile,Jodhpur
OAU081I,Estonia,Gaoxiong
XOB3B,Maldives,Medina
55H55,Lithuania,Jining Shandong
S4Z4E1,Russia,Abu Dhabi
6PUDRK,Germany,N Djamena
2860BOF,Vatican City,Tegucigalpa
C015W,Nepal,Gwangju
4FO5WI,Poland,Yekaterinburg
1FJ8M95,Australia,Kathmandu
I915CLN,"Korea, South",Edmonton
O0F03099,Australia,Natal
LJWOYW4J,Spain,Grande Sao Luis
10TR66K0,Brazil,Ranchi
JX29194,Madagascar,Zhangjiakou
ZHD902C,Nepal,Mandalay
672Q5P,Saudi Arabia,Jabalpur
X5E04,Cambodia,Huainan
A067I7,France,Asansol
2687S89,Ethiopia,Kota
A9XV5W,Denmark,Chaozhou
F80IB,Switzerland,Gwalior
AAEL81Y,Madagascar,San Jose
72B03,Iraq,Allahabad
238RI,Malaysia,Yiwu
Y51HI6RB,Sri Lanka,Chon Buri
I8639TKW,Argentina,Nouakchott
C9Y4P93,Nepal,San Diego
I7406VT,United Kingdom,Amritsar
N8447U,Uganda,Kharkiv
8KS20,Philippines,Ottawa
CQDBPJR,Poland,Zurich
4DYB05,Uzbekistan,Taizhou Jiangsu
MPMPQ6QT,Saudi Arabia,Basra
8H13P,Romania,Joao Pessoa
0ZII2,Greece,Ganzhou
LXDSW50,Saudi Arabia,Belgrade
V4204W7,Italy,Homs
4816GC,Iceland,Taian Shandong
ZX8ZT7,Bolivia,Weihai
G19L2YK,Malaysia,Queretaro
93N488E3,Canada,Mombasa
JV9NM5M,Armenia,Niamey
2TQ27,Argentina,Konya
7N1VT0S,Italy,Hai Phong
88060F,Central African Republic,Jiaxing
QNY3HARG,Sri Lanka,Copenhagen
3E3N9Y,Romania,Cochabamba
5US92K,Poland,Dhanbad
929OB79,Philippines,Kisangani
X2EXNTF3,Sweden,Bucaramanga
275GN29,Lithuania,Kaifeng
KZ79418,Canada,Adelaide
2322V28,Portugal,Taizhong
546RYK,Italy,Rizhao
M9WVT,Sri Lanka,Maceio
2O7UHPQ,Greece,Suweon
AEZ471EZ,Poland,Dallas
1ZF185R,Lithuania,Dongying
6E8CW,Mongolia,Zunyi
CUXS2Z0M,Estonia,Zhanjiang
S5HTXZ1N,France,Samut Prakan
B0712Q2E,"Korea, South",Nanchong
RDSIO,United States,Joinville
GRB8U74,Russia,Qom
8Y1Z72,Peru,Helsinki
7WM736RG,South Africa,Mianyang Sichuan
32280D4,Iceland,Liuan
V4EKYU,Armenia,Porto
7OY75,Netherlands,Antalya
09KHD7M6,Malaysia,Shiyan
N76A2P,Argentina,Prague
NPQ2A,Paraguay,Bareilly
EGA09S8,Denmark,Liuyang
0E1N4U77,Russia,Ad Dammam
HQI0CS,Turkey,Fushun Liaoning
Y1484ZY,Philippines,Pointe Noire
29Q37012,Sri Lanka,Yingkou
716RKKJ7,Singapore,Sofia
JZJT7,Netherlands,Kazan
R13K4D7V,Dominican Republic,Tengzhou
H07VSZ4,United States,Port Elizabeth
9I9HUAK0,Denmark,Aligarh
JLWV68,Vatican City,Ahvaz
1AGASO45,Canada,Florianopolis
HWTI145T,Sri Lanka,Tanger
VO4R23,Israel,Freetown
RO88Y,Central African Republic,Maoming
RJ4WNY3,Qatar,Pekan Baru
V52S6TU8,Egypt,Fes
390S1,United Kingdom,Moradabad
L0G71K,Vietnam,Suzhou
FOXT6,United States,Uyo
7S02ARR,Pakistan,Mysore
G7VU8E,Argentina,Dublin
67W93K1,Turkey,San Luis Potosi
3GQBZQ2,Vatican City,Astana
N1P94914,Ireland,Nizhniy Novgorod
E4R7ZH89,Chile,Ruian
85W759,Paraguay,Mwanza
QU7M1,Switzerland,Durg Bhilainagar
XKWB1,Belarus,Barquisimeto
0ZIV04,Uganda,Jieyang
3A52V62,Philippines,Chelyabinsk
MZ122,Malaysia,Zhuzhou
16UR2,Saudi Arabia,Baoji
JJ96A0J,Morocco,Maracay
28GPXM9S,Hungary,Bhubaneswar
IX1X6,Norway,Pingdingshan Henan
535XIA2,Ethiopia,Zhenjiang Jiangsu
RC086M,Malaysia,Chifeng
3J8963,Iraq,Puning
39164AI3,Bolivia,Lilongwe
BA8T9,Costa Rica,Jinhua
W8W369P,Brazil,Mendoza
ZRZ68GB,Bangladesh,Kigali
28TB7533,Germany,Bogor
6C4T024,Belarus,Huaibei
H9A1UNY,Saudi Arabia,Merida
RM7J4MXW,Iraq,Tiruchirappalli
7T267Q,Ireland,Islamabad
919E731,Dominican Republic,Chiang Mai
N219851,Italy,Nanyang Henan
932YTA5,Croatia,Xiangtan Hunan
6IB7EJ,Iraq,Benxi
38589,Japan,Jinzhou
9H7DQ5K,Sweden,Chandigarh
R6P623,Iran,Bukavu
894J1M,Iran,Abomey Calavi
6D4IA9,United Kingdom,Da Nang
S139FB,Bolivia,Liupanshui
6KZ3LE88,Singapore,Omsk
20L826,Indonesia,Nnewi
B85J8,France,Tripoli
BC3D8,Iran,Guilin
4IEL43H6,Israel,Amsterdam
2832Y04,Ethiopia,Tasikmalaya
1SRCRI,Bolivia,Haifa
B7OY0F,United Arab Emirates,Binzhou
95UPADIQ,Finland,Pizhou
607YVY,Morocco,Quetta
972I3IK4,Armenia,Mexicali
WI3CB,Greece,Krasnoyarsk
KOH2SR,United Arab Emirates,Hubli Dharwad
H1804U,Maldives,Kaduna
Y2VNL92,Armenia,Samara
59FD34C6,Australia,Guwahati
ZCHA1,Belarus,Aba
X503Z91H,Finland,Luohe
S8AZ2,Malaysia,Salem
ZSKJ5D1,Norway,Aguascalientes
8.00E+60,Pakistan,Ufa
U4G924,Cambodia,Bujumbura
IGS0P,Turkey,Maputo
7G36Y,Switzerland,Bandar Lampung
4W2QQ,Croatia,Rostov On Don
NJ30H03J,New Zealand,Cologne
85A22P4,Italy,Yueqing
CUDDM3,Sri Lanka,Saharanpur
35543,Israel,Shimkent
T3D8XPX,South Africa,Yongin
2IG20CN8,"Korea, South",Xinxiang
6Q2OK93,Pakistan,Bazhong
IF472,Austria,Xiongan
1F655Y,Argentina,Zaozhuang
XF546,Italy,San Salvador
5C187,Australia,Cuernavaca
3YPB9,Australia,Wenling
QV2L8LV6,Qatar,Panjin
Q9HBS7,Netherlands,Chihuahua
2O6LB,The Bahamas,Jalandhar
88USC,Croatia,Goyang
P9793D,Iran,Fuyang
6T5139X,Bulgaria,Yerevan
0IF202Y8,Spain,Siliguri
B05K3,South Africa,Managua
65PL53,Egypt,Ma'anshan
152KY,Philippines,Bishkek
M9A71F,Madagascar,Shangrao
MU394I13,Morocco,Tbilisi
93F9JSQ,Uganda,Hargeysa
T22WT,Mexico,Cartagena
9NDSR1,Madagascar,Diyarbakir
Q809FB30,Singapore,Perm
86WDE,The Bahamas,Bien Hoa
PB357OE,Canada,Zhaoqing
UJ3LA2I,Portugal,Voronezh
9I9B5,Iraq,Bobo Dioulasso
F07U0QZ,Indonesia,Lille
S7H42,Pakistan,Jingzhou Hubei
8K4V369W,Ethiopia,Samarinda
4B79QR90,Indonesia,Oslo
6ZBX7,Uganda,Kermanshah
3C0W2,Australia,Fuzhou Jiangxi
3Z8V2OYK,Hungary,Johor Bahru
2WO9G,Croatia,Leshan
H42OGKF,Sweden,Solapur
NZWX6,The Bahamas,Changwon
UZQ16,Hungary,Mersin
EEB602,Vietnam,Antwerp
53HK5868,Philippines,Kirkuk
69C69A2,Central African Republic,Dezhou
4O94WF3,Switzerland,Toulouse
A9TV01W,India,Chenzhou
9039Y0,Central African Republic,Aden
A924ZC,Malaysia,Aracaju
A91QHFGS,Mongolia,Huzhou
41TEIS09,Denmark,Ikorodu
6NK0S,United Kingdom,Teresina
JB0K5,Saudi Arabia,Sekondi Takoradi
Z3VUI,India,Asmara
Q11336,Lebanon,Yueyang
BIU902,The Bahamas,Xuchang
X617T,Bhutan,Marrakech
18I8VPX,Egypt,Tampico
M3GZR,India,Denpasar
C4EUSGE,"Korea, North",Yichun Jiangxi
0H831,Romania,Austin
4NI95S,Iceland,Tshikapa
3111579,France,Changshu
6NWFLY,Central African Republic,Saltillo
3UURZ,Russia,Padang
417Y3,Ghana,Rotterdam
LQ8A6NR0,United States,San Miguel De Tucuman
073R7AMC,Israel,Nyala
P6CTW53S,Switzerland,Cebu City
B9S0G,Israel,Qujing
040276WK,"Korea, North",Odesa
55TB08B,United Arab Emirates,Warangal
953YOI,Vatican City,Acapulco De Juarez
0ZFX01,Thailand,San Jose
UPY85,Mongolia,Ilorin
ZZ70181,Italy,Valparaiso
S8GTU,Ukraine,Kayseri
VW377W5,Croatia,Cancun
6A906H,Croatia,Volgograd
55J0R1A,Argentina,Xintai
028O7,"Korea, South",Blantyre Limbe
32RBCGET,South Africa,Songkhla
M491P,United Kingdom,Bordeaux
L9AQB,Lebanon,Krasnodar
387HX7,United Arab Emirates,Nonthaburi
49Y38,Sri Lanka,Guiping
226F9,Belarus,Jixi Heilongjiang
WW5718,Paraguay,Pingxiang Jiangxi
P64A1,Romania,Morelia
J4630,Saudi Arabia,Dehradun
9261G2,Vietnam,Hamah
1H027,Ukraine,Dushanbe
AL26PE,Saudi Arabia,Laiwu
Q293BT,"Korea, North",Agadir
2I494,Belgium,Jiujiang
2PQ4,Egypt,Zhucheng
763T0T,Dominican Republic,Fort Worth
437114,Lebanon,Mudanjiang
907R02,Iceland,Chengde
C5324Z,Indonesia,Jerusalem
0LI74,Israel,San Pedro Sula
549C9,Poland,Misratah
A8W800,Iran,Cucuta
T76RU9,"Korea, South",Khulna
M5388A,United Arab Emirates,Ciudad Guayana
71885,Egypt,Arequipa
Y23L1,Hungary,Dnipro
PW9D67,Uganda,Nice
1T071,Sri Lanka,Owerri
7KW6L,Netherlands,Zamboanga City
YZ286K,Saudi Arabia,Southampton
R25243,Bulgaria,Guigang
072V8,Madagascar,Warri
28S53,Iraq,Veracruz
782WG,Austria,Jos
N266K,Russia,Rajshahi
2F365L,Turkey,Seongnam
3C1Z,Chile,Leiyang
4Q5VAI,Estonia,Jacksonville
2GJ0,Netherlands,Pathum Thani
30S8N,Philippines,Yangjiang
58608G,Iran,Reynosa
3H5215,Canada,Bangui
1F11P,Bangladesh,Najaf
487XR8,Iceland,Bengbu
RPJ40,Brazil,Zhangzhou
T490R5,Dominican Republic,Villahermosa
5D022Y,Iceland,Sylhet
11LH8,United Arab Emirates,Nampula
557GK2,Egypt,Tianmen
4U76Q2,Mongolia,Charlotte
8JX6Q,Czech Republic,Antipolo
1BAF5,Norway,Hengshui
15770,Argentina,Xinyu
W901,Morocco,Linfen
DX8J47,Finland,Oran
154Y6,Sri Lanka,Columbus
65404,Ukraine,West Rand
SAO8S,Uganda,Campo Grande
8IC85,Croatia,Lubango
7519U,Dominican Republic,Deyang
N34YU4,Cambodia,Ulsan
80HJ86,Poland,Liverpool
3335Y,Malaysia,Londrina
4331,Sri Lanka,Taiz
537I3,Belarus,Bergamo
798AC,Canada,Malang
2ZY66W,Argentina,Jiangyin
5J2C3,Australia,La Plata
4J756,Paraguay,Dandong
63O01U,Canada,Concepcion
98N19,Malaysia,Hermosillo
M2L5A,Croatia,Liling
85T46,United Arab Emirates,Guntur
KT111,United States,Baishan
1L81S7,Russia,Bahawalpur
67Y34,Mexico,Donetsk
7845U,Bolivia,Indianapolis
C434P,Bhutan,Trujillo
O2V29,Italy,Changzhi
52523Z,Denmark,Bhiwandi
71782,Bangladesh,Tyumen
PF2L92,Iceland,Liaoyang
04610Q,Norway,San Francisco
98191,Ghana,Ashgabat
BAZ8E2,Cambodia,Tuxtla Gutierrez
184W3N,France,Soshanguve
50RD4F,Poland,Erbil
15776,Portugal,Puducherry
9PK69O,Belarus,Changde
55J0,Central African Republic,Shangqiu
994509,Bhutan,Culiacan
EL6D,Poland,Firozabad
64481,Lithuania,Xingtai
63PD1,Costa Rica,Bogra
4586R,Germany,Tainan
0439F3,Belgium,Fuxin
5V4289,Philippines,Cabinda
78834,Costa Rica,Huangshi
84U13,Norway,Umuahia
78462,New Zealand,Hufuf Mubarraz
113G4,Argentina,Libreville
K63QS2,United States,Palermo
E0914,Russia,Yibin
85Q81,Romania,Banghazi
34740,United States,Luzhou
770438,Spain,Ipoh
004U11,"Korea, North",Kuerle
83X69,Belgium,Xinghua
92X5E,Romania,Saratov
8T2135,Chile,Quebec City
99M6G,Morocco,Cherthala
853Y76,Mongolia,Valencia
66C68,Pakistan,Quzhou
691V7,Austria,Xinyang
V80N,Belarus,Yongzhou
6GZF,Hungary,Winnipeg
693B6,Bhutan,Yangquan
86EC4,Iran,Xiaogan
27TM3,Argentina,Bucheon
0T1N34,Thailand,Orumiyeh
23681,Germany,Maiduguri
W8005,Bulgaria,Enugu
2T5R29,Switzerland,Eskisehir
29UG75,Bangladesh,Newcastle Upon Tyne
28W706,Czech Republic,Zhuji
366982,"Korea, South",Heze
301P78,Bulgaria,Huaihua
8Y7607,Central African Republic,Barcelona Puerto La Cruz
F0CAK,The Bahamas,Tianshui
11EA08,Germany,Thessaloniki
DV38CV,Bolivia,Bologna
BY68T,Philippines,Haicheng
Y6661,Paraguay,Huludao
9W549,Dominican Republic,Sorocaba
069T4R,Singapore,Bozhou
8553GZ,Iceland,Bikaner
7L7963,Switzerland,Nottingham
K9SBE2,Japan,Niigata
047ZD6,Mongolia,Xalapa
55OH25,South Africa,Kunshan
R52NZ,Ireland,Liaocheng
5848V0,Poland,Nellore
98MD6,Russia,Gebze
93T0WA,Israel,Nakhon Ratchasima
9X166,United Kingdom,Jincheng
M91C9R,South Africa,Frankfurt
V025,Sweden,Taixing
G3H9D4,Pakistan,Lokoja
646QO,Uganda,Seattle
48365,Morocco,Cagayan De Oro City
K12EE,Dominican Republic,Langfang
L246,New Zealand,Vereeniging
1149A6,Argentina,Jiaozuo
991OI,Brazil,Dasmarinas
5U71BW,South Africa,Kottayam
YTG168,Croatia,Ar Rayyan
25430,Thailand,Sulaimaniya
5T8714,The Bahamas,Amravati
QX794,Central African Republic,Zhumadian
K55X1,Bulgaria,Benguela
79OU6,Bangladesh,Gorakhpur
17KCU,United Arab Emirates,Hamilton
SW152,Belgium,Shaoguan
3K9P2,Spain,Meishan
0Y524B,The Bahamas,Gaomi
TQ0HH,Saudi Arabia,Hanchuan
5C3O98,Czech Republic,Krakow
6GS4S,Japan,Bunia
1A921,Sweden,Danyang
18W4R4,Israel,Muzaffarnagar
31B8VG,Iran,Zanzibar
8316M,United Kingdom,Ansan
H10075,Uzbekistan,Bur Sa'id
89A7H,Denmark,Cuttack
4WZV7,Armenia,Anqing
N3944,Philippines,Denver
5055U8,Belarus,Anqiu
T5O1,Brazil,Banjarmasin
348,Estonia,Kayamkulam
9W1453,Bulgaria,Zigong
Y9780,Nepal,Gaza
N7NY,India,Qingyuan
3PQ25,Greece,Linhai
22370K,Mexico,Erduosi Ordoss
8JVP,Iran,Belgaum
O6NB,Iraq,Oshogbo
25555V,Bolivia,Zaria
QJU2T,Morocco,Malegaon
349G0L,Greece,Shaoyang
O81Z69,Netherlands,Malanje
833541,Ukraine,Zarqa
110139,Ethiopia,Sao Jose Dos Campos
3K9BPW,Nepal,Sheffield
9508U1,The Bahamas,Kumamoto
69UP,Cambodia,Yan'an
L0G69,Iceland,Maturin
10R424,Norway,Tongliao
0348,Estonia,Mumbai
078834,Costa Rica,Lucknow
034740,United States,Patna
023681,Germany,Udaipur
